{
  "formatVersion": 1,
  "database": {
    "version": 2,
    "identityHash": "f8e1067190973c1b8cdfdb5a2b10c3be",
    "entities": [
      {
        "tableName": "Item",
        "createSql": "CREATE TABLE IF NOT EXISTS `${TABLE_NAME}` (`index` TEXT NOT NULL, `contactId` TEXT NOT NULL, `name` TEXT, `count` INTEGER NOT NULL, PRIMARY KEY(`contactId`, `index`), FOREIGN KEY(`contactId`) REFERENCES `Contact`(`id`) ON UPDATE CASCADE ON DELETE NO ACTION DEFERRABLE INITIALLY DEFERRED)",
        "fields": [
          {
            "fieldPath": "index",
            "columnName": "index",
            "affinity": "TEXT",
            "notNull": true
          },
          {
            "fieldPath": "contactId",
            "columnName": "contactId",
            "affinity": "TEXT",
            "notNull": true
          },
          {
            "fieldPath": "name",
            "columnName": "name",
            "affinity": "TEXT",
            "notNull": false
          },
          {
            "fieldPath": "count",
            "columnName": "count",
            "affinity": "INTEGER",
            "notNull": true
          }
        ],
        "primaryKey": {
          "columnNames": [
            "contactId",
            "index"
          ],
          "autoGenerate": false
        },
        "indices": [
          {
            "name": "index_Item_contactId",
            "unique": false,
            "columnNames": [
              "contactId"
            ],
            "createSql": "CREATE  INDEX `index_Item_contactId` ON `${TABLE_NAME}` (`contactId`)"
          }
        ],
        "foreignKeys": [
          {
            "table": "Contact",
            "onDelete": "NO ACTION",
            "onUpdate": "CASCADE",
            "columns": [
              "contactId"
            ],
            "referencedColumns": [
              "id"
            ]
          }
        ]
      },
      {
        "tableName": "Contact",
        "createSql": "CREATE TABLE IF NOT EXISTS `${TABLE_NAME}` (`id` TEXT NOT NULL, `name` TEXT, `phone` TEXT, `pictureUrl` TEXT, PRIMARY KEY(`id`))",
        "fields": [
          {
            "fieldPath": "id",
            "columnName": "id",
            "affinity": "TEXT",
            "notNull": true
          },
          {
            "fieldPath": "name",
            "columnName": "name",
            "affinity": "TEXT",
            "notNull": false
          },
          {
            "fieldPath": "phone",
            "columnName": "phone",
            "affinity": "TEXT",
            "notNull": false
          },
          {
            "fieldPath": "pictureUrl",
            "columnName": "pictureUrl",
            "affinity": "TEXT",
            "notNull": false
          }
        ],
        "primaryKey": {
          "columnNames": [
            "id"
          ],
          "autoGenerate": false
        },
        "indices": [],
        "foreignKeys": []
      }
    ],
    "setupQueries": [
      "CREATE TABLE IF NOT EXISTS room_master_table (id INTEGER PRIMARY KEY,identity_hash TEXT)",
      "INSERT OR REPLACE INTO room_master_table (id,identity_hash) VALUES(42, \"f8e1067190973c1b8cdfdb5a2b10c3be\")"
    ]
  }
}